Topic,Content,Start Date,End Date,Progress,Confidence Level,Team Member,Comments,
sdfsfsdf,sdfsdfsdf,8/8/2018,8/8/2018,Completed,High,sdfsdf,ssdfsdf,Java,Core Java,8/8/2018,8/8/2018,Completed,High,Mangesh,Nice,
dfsfs,sdfsdfs,8/8/2018,8/8/2018,Completed,High,sgsdfgdfg,cdhdhfgd,
mmmmm,qqqqq,8/8/2018,8/8/2018,Completed,High,qqqqq,qqqqq,
asdasdsa,asdadasd,8/8/2018,8/8/2018,Completed,High,asdasd,2asdasd,
ddddd,ddddd,8/8/2018,8/8/2018,Completed,High,ddddd,ddddd,
fsdfsdfsdf,sdfsdfsdf,8/8/2018,8/8/2018,Completed,Medium,sdfsdfsd,sdfsdf,
Java,Core Java,8/8/2018,8/8/2018,Completed,High,Mangesh K.,Helllooooo,
sdfsdfsd,sdfsdfsdf,8/8/2018,8/8/2018,Completed,High,sdfsdfsd,sdfsdfsdf,
sdfsdfsd,sdfsdfsdf,8/8/2018,8/8/2018,Completed,High,sdfsdfsdf,sdfsdfsdf,
